<?xml version="1.0" encoding="UTF-8"?>
<project-private xmlns="http://www.netbeans.org/ns/project-private/1">
    <editor-bookmarks xmlns="http://www.netbeans.org/ns/editor-bookmarks/2" lastBookmarkId="0"/>
    <open-files xmlns="http://www.netbeans.org/ns/projectui-open-files/2">
        <group>
            <file>file:/C:/xampp/htdocs/OOP/Cat.php</file>
            <file>file:/C:/xampp/htdocs/OOP/HomeCat.php</file>
            <file>file:/C:/xampp/htdocs/OOP/index.php</file>
            <file>file:/C:/xampp/htdocs/OOP/WildCat.php</file>
            <file>file:/C:/xampp/htdocs/OOP/Tester.php</file>
        </group>
    </open-files>
</project-private>
